X1,X2,X3
0.1344167257552513,-1.9828163773090006,2.0824799661933286
0.2527220457200744,-1.9102205213963264,2.2428425006317196
1.0000096999970901e-7,0.478777240318884,0.5212226596831461
1.8867924531675316e-4,0.5216755759604237,0.40550079069562006
6.409447153810232e-14,0.037020707239737334,0.03983928843189991
6.409447153810232e-14,0.03702070723973732,0.0398392884318999
1.8867924540316933e-4,0.4974183829932271,0.48337224455238414
2.256843038973586,1.6270563202919324,-1.948096587342497
1.0526943477449129,2.451433386759209,-1.7448589031690531
0.24660088457367532,0.3232516620637329,0.4301474533655918
0.24140078373281326,0.5190505799372358,0.47741528405909395
0.012453491881545204,0.35602418739384273,0.0484722897134184
0.0124534918815452,0.35602418739384273,0.0484722897134184
0.12807157072465716,0.3919705272732495,0.5725224881497073
-2.035286389829595,0.10823008193876207,2.1226745116311414
-1.9551678458530248,0.09966225469694151,2.030760571193933
0.48416845872880065,1.0000096999970901e-7,0.5158314412732293
0.5953355647289175,1.8867924530476427e-4,1.1689340134428177
-0.12258888092885291,2.0351799987000087e-14,0.5572128463575057
-0.12258888092885285,2.0351799987000087e-14,0.5572128463575056
0.4813162004208608,1.8867924530140354e-4,0.9147707865029437
3.574767370004201,1.8112671201353698,-1.8797777541752192
4.367520433131346,1.9610441569825936,-1.8738633303117636
0.010092805691726362,0.4599174820775424,0.5299897122337313
0.49918276309551285,0.31629742858605797,0.45715314792727385
0.5950785891103395,0.0022330368929322306,0.011721211797603546
0.5950785891103395,0.002233036892932231,0.011721211797603546
0.709845397564799,0.4490799658737142,0.36299281347077256
-1.9747613242793447,5.436379486276592,2.001521458608266
-1.8511070490344907,4.288373985223515,1.8854442262381677
0.4799957647460209,0.01000978089263968,0.5099944543643395
0.4649557068385727,1.0256409951040315,0.5355200096983415
-0.09879392468488661,0.805942051201209,-0.1100972282752549
-0.09879392468488661,0.805942051201209,-0.11009722827525491
0.5993174535112019,0.6336035934099626,0.4048271927292861
-2.0296915162528797,4.764389002052753,1.8862516221204473
-2.0780736219622344,4.7492722781412855,2.205229047866702
0.5499950183995571,0.010007318371745292,0.439997663231698
0.5056064167919645,0.9085722557375325,0.6083300375938302
0.05772411063816647,0.8849299194406637,0.010739195428109074
0.057724110638166466,0.8849299194406638,0.010739195428109095
0.5096445034650116,0.862263698761789,0.3783946970545266
-2.0401222430922967,2.194425866762429,6.948406793233535
-2.2037013513188795,1.87579669483114,6.9048274582359825
0.41001085113717994,0.5799874661112114,0.01000168275460852
0.40287781323091093,0.6773936213652368,1.5119609597740626
0.02888902038194043,0.21211541330399272,1.5606378808577714
0.02888902038194043,0.2121154133039927,1.5606378808577719
0.386027121702631,0.5519254903358626,1.6112644446818334
1.6553646782185443,-1.8566049139251848,4.711500009812448
1.9330052374631987,-1.9005341048880016,5.400971464980261
0.45062988622410644,0.5374241754987727,0.011945938280120966
0.479193494376584,0.5874713376976025,0.9572513485354592
0.13500066329643554,0.00875942725646884,1.0704481789610605
0.13500066329643554,0.008759427256468841,1.0704481789610605
0.4908551570414351,0.4742703054705447,1.1974465674232755
-1.8163958516084149,1.9993280903072117,6.168220551476968
-1.8457729303081294,1.9329393342634096,6.3227245021451814
0.53000150955538,0.4599158056491722,0.010082684798447821
0.4986372605644906,0.5335088762076738,1.3809043379588486
-0.017896084870051652,-0.03415909185444073,1.4254399130933224
-0.017896084870051652,-0.034159091854440736,1.4254399130933224
0.399645505803929,0.5053086368000785,1.4717943534570808
7.210891255488992,-2.2252446912646526,2.1456174801219277
6.716318788063655,-1.9465128167117383,1.9770829147710587
0.010000101684174773,0.4899862853273089,0.5000136129915166
1.8612528608159522,0.5164468027706764,0.5190485933559243
1.7201294985659739,0.07660351147181173,0.1679371949317763
1.720129498565974,0.07660351147181171,0.16793719493177628
1.5900497186560947,0.5187169296679908,0.40490735448504006
1.986550200251108,7.681849581863055,-1.9418850127901708
2.0897536258388207,6.843495711988074,-1.606771339491884
0.530080636556209,0.010000249266055857,0.4599191141807353
0.45721585613454424,2.015766698493555,0.605472739110135
0.10960332237906692,1.73441093027469,-0.006902501867107824
0.10960332237906693,1.7344109302746897,-0.006902501867107827
0.5894548994751111,1.4926484054744322,0.44545464728144224
1.9225704384776852,7.7617868820727045,-2.1898599800253007
2.1165224981472477,6.454913155487892,-1.8868275375734989
0.4800004443791953,0.010009637915039591,0.5099899177087653
0.5260912307018354,2.2564640978323958,0.4179732013865743
-0.007024696638973082,1.8147557858556511,0.09486226830681102
-0.0070246966389730745,1.8147557858556511,0.09486226830681102
0.37239494216332575,1.4598179183037894,0.5254392011666548
7.317225816856287,-1.7999771827142432,2.1010135744383325
7.2355864429106305,-2.052125760217308,1.7685237914462806
0.01000818023894795,0.4724486950363134,0.5175431247277388
1.7863344439102358,0.5713103009767266,0.42003400094061555
1.8397531840957904,0.09223730394350176,0.06419154241110593
1.83975318409579,0.09223730394350171,0.0641915424111059
1.8951509931932295,0.44914924306283466,0.5200776239341206
-1.9880203074977065,8.518500065905142,2.290558348638034
-2.1486794395528146,6.876833424620351,1.9678148045530437
0.509972648348758,0.010000438878487837,0.48002691277575443
0.5293241582110458,2.53147834502829,0.5554504208562335
0.06619442026115763,2.1102339337202327,0.09210717318000589
0.06619442026115761,2.1102339337202327,0.09210717318000589
0.7223853955281283,1.759399537085259,0.6543402122750976
-2.0258387620145415,7.907003141287908,1.949147562088475
-1.8318309343483696,8.43560010178453,2.0253655265514947
0.5399644505316041,0.01000023797523782,0.45003531149615794
0.576186701964861,2.3496531062168646,0.4879087812389301
0.044490017482313494,2.461770460648985,-0.015510372379473718
0.044490017482313494,2.4617704606489856,-0.015510372379473718
0.5800414422323515,2.5796261504682807,0.4931111842930788
1.955114866561909,-2.043202169861304,8.29276621764726
1.8823564983484624,-2.034816106312968,9.281297864842596
0.5600559389274934,0.42993974048284517,0.010004320592661573
0.4973172470523584,0.5582304131279852,2.3256783231220304
0.1335148875942917,-0.032390980657719295,2.6207970184775538
0.13351488759429173,-0.032390980657719295,2.620797018477554
0.6764916305677483,0.5804728090333827,2.953785389369159
2.1851332002642114,8.264551910706917,-1.9022844821038818
2.0809581132486423,8.119406691365665,-1.7805782682297147
0.5056630314968833,0.010000673519332828,0.48433629498678404
0.44992815978199374,2.3253313629729875,0.5531375331005944
0.017419226973435138,2.281541760180345,0.0575957880669546
0.017419226973435138,2.2815417601803456,0.0575957880669546
0.4168380181723075,2.2389402594510788,0.6691071275057984
7.596816959389218,1.8603035333349989,-2.239775406003786
8.2189468975816,2.0473544915783792,-2.0230923755870607
0.010001596433897563,0.4400678289336209,0.5499305746354818
2.2851476994997717,0.36227404903531213,0.4532806506607309
2.40439480285006,0.12555979837580702,-0.03847969080100103
2.4043948028500606,0.12555979837580702,-0.03847969080100104
2.530254860662432,0.5229939826483737,0.5212359308498479
1.8246844655198127,8.555676681103206,-2.054726835721995
1.925135142726238,9.016226468779445,-2.1000063691111253
0.4906565038650638,0.01000015492715977,0.49934334121077656
0.6346835560391159,2.6879109068778773,0.7073614311165038
-0.01670764972200776,2.8218713248583343,0.02889127458521077
-0.016707649722007757,2.8218713248583347,0.028891274585210777
0.528864506970182,2.9628973808655994,0.6267899525551476
8.679185885940393,-1.6655211394435137,1.794003058750926
8.461253562662632,-1.9536674860794894,1.902558546817218
0.010000097001134878,0.48999997740342605,0.49999992559843925
2.632762261194917,0.6628050543860361,0.5636822819175543
2.592741359683415,-0.03859854534893006,-0.06338697248158347
2.592741359683415,-0.03859854534893004,-0.06338697248158344
2.5536936159439128,0.4120907329106179,0.32660756551701636
11.32586720812484,-2.0910505825230343,1.8816929213133433
10.501725186027127,-1.8355271955385213,2.171019723651471
0.010000175874529364,0.4200076459752964,0.5699921781531745
4.416233502721125,0.3706318405915866,0.6562319728353939
3.980185838790659,0.019166333864908538,-0.10494595785571453
3.980185838790659,0.019166333864908538,-0.10494595785571452
3.587528024817532,0.6965013749893513,0.5495575517334979
10.131734129898287,-2.1297804151961834,1.9577341531260637
11.873586024701437,-2.030392498536206,1.9981860186606781
0.010004070067956894,0.531619485081869,0.4583764448531742
3.828306462986674,0.5584594708312157,0.5728638211858629
4.4447749815760424,0.08665895632777962,0.06363140534761175
4.4447749815760424,0.08665895632777962,0.06363140534761173
5.160947661731372,0.5624154430622256,0.6020889058806032
8.867115816770788,1.9988516712214692,-2.216125123885892
9.104831516445309,1.6072752912798773,-1.8648093158307057
0.01000038340569269,0.4201149638555302,0.5698846527417774
3.072643612561406,0.3163580406719521,0.6003883412450927
3.139531255381277,0.07892617493099749,-0.03212589201569499
3.139531255381277,0.07892617493099749,-0.032125892015695
3.208253491700955,0.4528916168856861,0.5363987839099097
-2.158821412971871,10.661119650514673,2.0528855535479393
-1.9402583589184874,10.666506385158328,2.1243443880864703
0.5100602905406256,0.010000105404665824,0.47993960405770886
0.5513719177764126,4.136292393660655,0.44052787362372564
0.11427255384605871,4.081678409426808,0.1460653375066514
0.11427255384605872,4.081678409426808,0.14606533750665143
0.5387082331853648,4.028151047371844,0.6257050196329507
1.966934445869919,11.866219448401989,-1.4204879929927328
2.2607656787381414,12.465916302842615,-2.0049150761194503
0.5199616529198728,0.010000221408368608,0.47003812567475883
0.6775270327833026,4.717625281691776,0.35452077501907087
-0.03438080718328018,5.013902978589028,0.10069198797549757
-0.03438080718328017,5.0139029785890274,0.10069198797549757
0.6564864074823482,5.329181964392045,0.5625497502942564
12.167627460850904,-2.0108732823324096,1.9555839304584766
10.959110299503164,-2.0123673991610387,2.112639320653822
0.010000101922587695,0.46997006886561576,0.5200298292147966
5.211632668461529,0.5305682659984041,0.5899852759858439
4.655610172812383,-0.0672892137685155,0.04832407342568175
4.655610172812382,-0.06728921376851549,0.04832407342568176
4.1592419829067175,0.6500649673666998,0.507218710585071
1.9429962079357033,10.507773228528379,-2.1512849242196537
2.0496651197012756,12.46368591870037,-1.9600953014932414
0.4699992980565504,0.01000009704465299,0.520000604901797
0.4901688027345049,4.08759458070872,0.43118131485772815
0.05377750800072362,4.776025827867623,0.018840834963292953
0.05377750800072363,4.776025827867625,0.01884083496329295
0.59978060995159,5.580840436759024,0.4363228178292296
1.830526497305373,-1.9718530673280883,10.856554781531516
1.8047809468604106,-1.8904662095410063,15.146105801076176
0.44028210415237695,0.5497173880925452,0.010000507758077894
0.36785292393257957,0.6369602491862065,4.414518049645109
0.018708749144429798,0.10021387907745644,6.101812266490171
0.018708749144429798,0.10021387907745644,6.10181226649017
0.6624911115791798,0.7470450405977332,8.43455433681146
-2.076842788898299,1.898120378938065,11.508054454054033
-1.7086867765603588,1.861576952165548,9.666569691615146
0.5300005033752008,0.4599259197853271,0.010073576842472124
0.5967315125831932,0.5231631004450944,4.9373301848703495
0.09655872652147406,-0.08663104996340347,4.086668665234384
0.09655872652147403,-0.08663104996340348,4.086668665234385
0.5556859760720605,0.31628681951402804,3.382881311584033
2.061652935046315,-2.158127790311201,11.543824201141337
1.9249318195143459,-2.082783294314375,10.744325181052515
0.45989365688814005,0.5301062461136484,0.010000097001211544
0.525059878040148,0.44430877874608854,4.907536953564275
0.11714918159914363,0.04783336230594884,4.58287071806834
0.11714918159914359,0.04783336230594884,4.582870718068338
0.5018367831791584,0.41281823324603,4.28002999962478
2.01101321191689,12.658038813940697,-1.8723065386097462
1.8951726290598383,14.964791557349182,-2.03067575513329
0.5016920482410784,0.01000049460917295,0.4883074571527488
0.49912012616523577,5.621091371026965,0.4529390890742461
0.14614349363726792,6.714209468769231,-0.039181362318727875
0.1461434936372679,6.714209468769231,-0.039181362318727875
0.6312215489636248,8.020352629127535,0.5695487535054012
-1.9348478497128998,13.788191454100629,1.8615466643026424
-1.8767439472613323,15.81752405686248,2.0033039663655536
0.528370337972403,0.010000142133574736,0.4616295198970225
0.6562413322269847,6.93081659088554,0.4844214500881278
0.06809976913013559,7.890550155561676,0.08366991468832005
0.0680997691301356,7.890550155561677,0.08366991468832002
0.43572564564741545,8.983606480159718,0.49954391371378276
-2.038892926138359,1.9603980985798235,13.418098534514895
-1.8013444627891886,1.8659836005132764,11.29290697909682
0.3800105417364593,0.6099893537888992,0.010000104477641585
0.48457715729959383,0.49042472483426613,6.020605729863856
0.052973004733418906,0.08526910991001196,5.020739744287223
0.05297300473341892,0.08526910991001196,5.020739744287223
0.5778288530050633,0.4979638120749238,4.187239460345513
14.064665029925978,2.0150734069244813,-2.051152488003741
11.936338971062737,2.136005780944142,-2.0969414828769857
0.010000101702142872,0.480000435392321,0.5099994629085361
7.123686967038133,0.6047368329976884,0.45493488032183815
6.033843408801008,0.041462869606076806,0.05540410413744832
6.033843408801008,0.04146286960607681,0.055404104137448326
5.111051637799532,0.5104693976641081,0.5210983212141802
12.863300882879047,-2.2060427157963107,2.0190846759867274
14.649859462127356,-1.8405164432226897,1.8599164710889948
0.010000123730524136,0.4584252171897593,0.5315746590827167
5.8384273979363215,0.61570531641731,0.571936626610157
6.6144903239563275,0.060548228398750785,0.07079119763202832
6.6144903239563275,0.060548228398750785,0.07079119763202832
7.494132961220496,0.40381549812749584,0.7542250486132434
2.216427886872601,11.367838116307622,-1.7578827015706844
1.9813142046836862,11.335863483956828,-2.1714628593307617
0.4700731389255601,0.010000317524249265,0.5199265435531908
0.46845129579355876,4.496832726294736,0.5695664059747447
0.0528066834512754,4.615410884860057,-0.0364872731584158
0.0528066834512754,4.615410884860057,-0.0364872731584158
0.41111092249908326,4.737496135468569,0.560382284659223
1.9472983111717521,13.020629955013662,-1.7181645185047054
1.9079183508905815,14.811337463831263,-2.1095997006568514
0.5970830811821677,0.010000102351958327,0.39291681646887416
0.44880607393536215,5.596396696567244,0.50170038483261
0.20366635517491113,6.475908244093491,0.09121423042298618
0.20366635517491108,6.475908244093491,0.09121423042298617
0.7363370775154762,7.494074131413295,0.44712984770557607
2.1494445295066105,-2.042475042630612,12.117514181776807
2.1975440155820496,-1.6832196911509647,16.6716325144585
0.4702501741527024,0.5197497276694499,0.010000098180847818
0.48348757349591637,0.6175667135443427,5.271923707412608
-0.0016249717639383481,0.08361631952924252,7.15343975839032
-0.0016249717639383614,0.08361631952924253,7.153439758390321
0.5054511170431552,0.43386037225176305,9.706983077606253
1.9778360411523457,14.142392207231692,-2.007681549602837
1.8440426767312776,12.36463261908794,-1.7475953874361154
0.4499292691340561,0.010000113834871174,0.540070617034073
0.6602025599763778,7.3184957668586295,0.5592905810626255
-0.1887558161736078,6.3695282451928605,0.09193868868629536
-0.18875581617360784,6.369528245192861,0.09193868868629536
0.43921300598955015,5.543935974908536,0.537050004445144
13.670274336164164,1.9366609161491437,-1.985489185987661
15.546019769983651,2.16495314767336,-2.234598765185885
0.010000107966774729,0.4800029681065146,0.509996923929711
6.736080742990783,0.5397539230952965,0.4648738788871473
7.66316627505955,-0.0643667575493526,0.061893322776766305
7.66316627505955,-0.06436675754935259,0.06189332277676631
8.7182712741632,0.5333106032201973,0.6525658123946061
13.765452243769154,-1.7474979323423945,2.192348786852515
14.320319968386498,-1.8464976413700058,2.036367012018694
0.010000108737600355,0.4601400417194071,0.5298598495459929
6.401529767344248,0.6219224468952254,0.3843188658239544
6.72808335817289,0.025396570585466623,-0.033309090065789485
6.728083358172892,0.02539657058546661,-0.033309090065789485
7.071684788685336,0.5490697185924619,0.5216754133075328
14.41393932832875,2.0887498163538383,-1.8015227145799364
14.63877636863459,2.0873478791899176,-1.922638655374833
0.010000171461656613,0.4900410190108678,0.4999588095304758
7.271932236674615,0.55017809367895,0.4843557353682135
7.417637629828123,0.09322321271063079,0.003194958578527473
7.417637629828124,0.09322321271063079,0.0031949585785274737
7.566640346202594,0.3676463277914955,0.4966479558241235
14.495546307079849,2.096989493943801,-1.8169394641986156
12.575037685087514,2.0042673079918507,-2.0118096351297874
0.010000200589325403,0.5700697487217122,0.4199300506919625
7.044928914315949,0.38758415076573915,0.48004837522693056
6.151013546112816,-0.030136556598985984,0.10977566395532624
6.151013546112815,-0.030136556598985984,0.10977566395532622
5.37085147199354,0.464872630706076,0.4166342179728449
1.9347193140893768,-1.7222971563378737,14.551764317941936
2.1114643602264973,-2.007065031655737,13.355461770984
0.4899997333151521,0.5000001257956866,0.010000140892161188
0.37997929775850997,0.39996304087541673,7.450299839644697
-0.04007256350940026,0.08158234203932432,6.862906424801305
-0.040072563509400264,0.08158234203932431,6.862906424801306
0.39297526341768246,0.5585731499288246,6.32216636007891
-1.8762875823492111,15.898428446307031,2.419264796649503
-2.0300572060644475,14.550972407170388,1.927993383051494
0.520033096300678,0.010000135666248258,0.4699667680360741
0.7659537851509045,8.815786652392033,0.5936519738813271
0.006245993535075306,8.236631649857019,0.042779944742197186
0.006245993535075306,8.236631649857019,0.04277994474219719
0.7464325463610288,7.695871201429546,0.5196461941683915
12.185295414532133,-1.772214678643141,1.9602914326844745
13.706652446669423,-1.8613035284397252,1.8035297435875828
0.010006508832248963,0.4599762699591873,0.530017221211564
5.099246588279965,0.4357680931206882,0.4331202780425645
5.8009741855470045,0.12074116290761043,-0.05107507676332627
5.800974185547004,0.12074116290761044,-0.05107507676332627
6.599694168984705,0.4379707264189668,0.44558014274987773
2.030225645313197,15.727623369836678,-1.964182080370992
1.985348756653683,17.48150491283656,-1.804793522275627
0.4481991982478777,0.010000153453330348,0.5418006483017921
0.6677425256328334,8.980498929311176,0.6405195223142954
-0.008918693770388331,9.934440148709008,0.09254844840600719
-0.008918693770388321,9.93444014870901,0.0925484484060072
0.6425858129968306,10.990124276580413,0.6262121830550211
1.9921559337895611,-1.8750025445141152,14.399361072659875
2.169909771865688,-2.0037000376992804,16.954421127072923
0.539966533019433,0.4500333296329727,0.010000137350594528
0.31717041165044557,0.6032190236720296,7.149449245275206
0.03015849991568085,0.10436466165193918,8.419247189153928
0.030158499915680852,0.10436466165193915,8.419247189153928
0.48257646929650627,0.5148815871485359,9.91501315024382
1.8566768037187218,13.17639516058402,-1.9840423047595284
1.9432695916424794,14.095587082816241,-2.0066166181916634
0.5513077273129062,0.010000097033326437,0.43869217565676766
0.5662432842537076,6.042784503051816,0.4225854259604521
-0.016840446078205985,6.451330419766171,0.05326886604530023
-0.016840446078205982,6.451330419766171,0.05326886604530023
0.4532373702771331,6.88789393362728,0.5905613655674284
-2.172606995968926,1.9751358351614878,13.71075389009204
-2.064785053759646,1.9256086941340025,15.767304299573523
0.47498983464337174,0.5150100683578152,0.010000097001813256
0.5179892030250164,0.5050112135874679,6.711006785019781
0.08194383876676832,0.015241166759405976,7.703474630651793
0.0819438387667683,0.015241166759405969,7.703474630651791
0.46316871601562554,0.6203546365833097,8.843144352294997
15.610065043918834,-1.5922358526935043,1.812909823544948
14.17626692199493,-1.8984190769588485,1.8030747161076097
0.010000097001338207,0.4219909877377902,0.5680089152638718
8.2862492868961,0.4920998482551813,0.5200126996555018
7.581392172769963,0.06750547397258096,0.04466585368804126
7.581392172769963,0.06750547397258094,0.04466585368804124
6.936832859135674,0.5017098850120192,0.5583609808243124
15.81493115012211,1.806187828537649,-1.8439625941875646
13.993968178702639,1.8370227797317351,-1.939514169239141
0.01000009707473962,0.49871766452944233,0.4912822383988182
8.913484834126967,0.7640490194520341,0.56413594571123
7.905326818511992,-0.09701989938057212,0.08540393742102981
7.9053268185119885,-0.09701989938057216,0.08540393742102982
7.01152717624097,0.4334679971366599,0.7338355618934281
-1.763121682892051,15.409791844576747,1.6490213741327537
-1.908675433832037,18.1757039931418,1.9879903455295609
0.48059931971061315,0.01000009710348881,0.5094005831888981
0.5120634096803296,8.466051582468346,0.655684139065465
0.06594047017640575,9.927687899762546,0.07685450909407283
0.06594047017640574,9.927687899762546,0.0768545090940728
0.5897908095012967,11.642110820430718,0.43965851533085737
1.8260203043665624,14.584367910412448,-1.6564066602724907
2.1786794888418464,15.73676894272742,-2.1143077551935296
0.519474610376172,0.010000117028165589,0.47052527259866256
0.3878824998813988,7.400417373678573,0.48099314137995924
-0.04666410221481824,8.00876382136243,0.05050338154710032
-0.04666410221481819,8.008763821362429,0.050503381547100316
0.482734791588598,8.66752106237884,0.4885346847676352
14.365439429967603,1.8985607658394938,-2.05445556331156
15.110717029548884,1.812307838226474,-2.050546482724003
0.010000103355532235,0.49996039700265044,0.4900394996448174
7.409441981125356,0.5037271719474254,0.49244498128107883
7.813464970591134,0.07744593541315986,-0.07375302314334398
7.813464970591135,0.07744593541315985,-0.07375302314334399
8.239909698458476,0.3413788775947978,0.5893300848638711
1.7724599538229588,-2.000586102109147,14.276019256666295
1.9765087874378546,-2.1250540941854865,16.460202271717122
0.5000013144865777,0.48999858795466944,0.010000097561752927
0.46282340149309337,0.3650308194123085,7.3555234191726155
0.06118870007771502,0.08351098012868202,8.452014186401804
0.061188700077715014,0.08351098012868202,8.452014186401806
0.4142383355056864,0.5476693509660866,9.712388966251252
-1.720653826316828,14.236714573393218,1.9026910777190393
-1.8816615276943036,16.07554239954029,1.904169298535339
0.4230363826428377,0.010000097078396487,0.5669635202817659
0.6243788841597776,6.868567771032693,0.5791950879040132
0.08146494310784308,7.811538905011111,-0.03527259642385383
0.08146494310784308,7.811538905011111,-0.03527259642385383
0.33626063500177944,8.8843932650087,0.5020068599895624
-2.1086558595859968,1.9647930054627318,16.19082277752842
-2.058336836496173,2.1316378845360764,15.10758311212708
0.459999997653636,0.5299998794051813,0.010000122944182867
0.41589803775874973,0.4812996748340628,9.256153713923334
0.05743530555461062,-0.06613118747501716,8.569383870313294
0.05743530555461062,-0.06613118747501719,8.569383870313294
0.40658910923055724,0.4210897487942454,7.933913534546221
-2.08408951175271,16.00397190442103,1.9787395735722892
-1.9363365575993674,16.628488471420166,2.1100307124057474
0.4800060201525416,0.010000105666788607,0.5099938741836699
0.4002350449478271,9.112859515901949,0.374213161362272
0.07739920483856692,9.389101704086869,-0.0398790909935558
0.07739920483856691,9.38910170408687,-0.039879090993555785
0.5380200740276205,9.67409951706822,0.5121598001757519
1.7660994629751217,-1.950801049154651,18.313587835843617
1.7518052617068542,-2.0482127906975953,13.163685929651383
0.4779934844695979,0.5120064175648417,0.010000097968560662
0.5103473723969418,0.5157310544521386,12.14718369092059
0.038040001164127125,0.11783413682376148,8.797494016082943
0.038040001164127125,0.11783413682376148,8.797494016082942
0.38184257769025803,0.5096699438616298,6.371792206173216
1.929961824038135,15.583205493497017,-2.152433639426775
2.018927455737603,17.73300910199968,-1.7684206016918693
0.5499923743820405,0.010000102910726633,0.440007522710233
0.4869646459893143,8.525431988306229,0.820047743438591
-0.02197294533907786,9.588345211422686,0.01922803767296892
-0.02197294533907786,9.588345211422688,0.01922803767296892
0.5002426591943747,10.784197192877645,0.5835763290962196
18.274377174126357,2.216275643301696,-1.8537764921054314
16.10623665161375,1.6812449726341183,-2.0334227698987
0.010000138554690459,0.5100822052075773,0.47991765624073257
11.580260498832509,0.5804439835886135,0.493777256895655
10.420616313378835,0.0843090420529628,0.02446448525035184
10.420616313378833,0.0843090420529628,0.024464485250351845
9.377433727174909,0.5448687088462635,0.4269727810019066
2.052486514469609,18.437056224984808,-1.855358369540118
1.9136113443077816,16.145997128266483,-1.964332138353999
0.4800034104594552,0.010000103425685854,0.5099964861178593
0.568637081623268,12.052655484147703,0.5171287434588361
-0.0317898059380946,10.632382019663645,0.036250638401520444
-0.03178980593809457,10.632382019663645,0.03625063840152046
0.5353354299942059,9.37980153004153,0.5247786011808863
-1.879540114845715,15.521405287072387,2.006684610141163
-1.831411954201357,17.4062191903748,2.0600195087303756
0.4500008385712734,0.010000210021294914,0.5399989514104317
0.43282878382683787,8.320185893029006,0.418402927607851
0.06573750703109559,9.318230662907697,0.06745790856069594
0.06573750703109557,9.318230662907695,0.06745790856069594
0.49206946485928565,10.436412985849632,0.3753482045259325
2.0421891966900203,16.849969548676246,-1.9473680181589859
1.9227923359016386,20.403604476442073,-1.739591930166664
0.5611255120073987,0.010000097049752198,0.4288743909458492
0.4337991850758981,9.744401602320938,0.40476582698702374
0.06387220879755429,11.824185681642442,0.10073206853805942
0.06387220879755427,11.824185681642444,0.10073206853805947
0.6747314194767795,14.348323716683169,0.5142094778232063
2.137975335941323,18.637058990000018,-2.261177174217425
1.948826516797227,16.25765634305207,-1.8012146005995842
0.5500091526806509,0.010000104697154856,0.4399907426251944
0.5981789163586162,12.134752018275453,0.4380574821758595
0.05341362071631754,10.504628973716272,-0.0369123242212372
0.05341362071631752,10.504628973716274,-0.03691232422123719
0.5929305088896637,9.093812621026089,0.563762510526679
-2.0482418013858745,2.1262994141414038,16.291516593021367
-1.8655380768484082,1.9499964245238688,16.340164575373432
0.5478608312916609,0.4421390638263785,0.010000104884960814
0.48339097924376234,0.4711514032074746,9.6616618560789
0.1743642287773212,-0.06814841891757044,9.677113675907846
0.17436422877732113,-0.06814841891757048,9.677113675907847
0.6268239965549739,0.37395916105014154,9.692961174459162
-1.9668186562368795,1.6096209107674977,16.61011971313397
-1.9231255934998355,1.8591955315864939,18.20836639139924
0.5399922483881334,0.45000763873184596,0.010000112883020799
0.4870937129685263,0.3428920604428942,10.229445176786346
0.06061643899325257,0.04405095485434283,11.11093971141044
0.060616438993252565,0.04405095485434284,11.11093971141044
0.5120479835961694,0.4743053208896778,12.068798298156882
18.470723743046424,2.2223823304444945,-1.9677032560725047
16.248135685024298,1.787772650540517,-2.184053836695415
0.010000100512840766,0.42988632509910013,0.5601135743910591
12.338660868500483,0.43816356454795874,0.4239401123484986
11.07159866132043,-0.03755665136503174,0.1375955260905422
11.07159866132043,-0.03755665136503174,0.1375955260905422
9.93498589020106,0.5276458584594739,0.7103176163668475
19.587829370701698,-1.9372753040428552,2.057717604090375
17.405511610030544,-1.616384709606151,2.0279784114562953
0.010000169586085277,0.5392947995485743,0.45070503086834063
13.825172561651268,0.7933270615670304,0.3377485182353204
12.180771233735047,0.07859898439383271,0.13482986975708444
12.180771233735047,0.07859898439383269,0.13482986975708444
10.73228813848736,0.7087721178257679,0.5423986619520815
-1.8445861251824542,1.9145665935281106,18.322847229492634
-1.967508525567537,2.363772769884018,19.00626389336626
0.4801475905290207,0.5098523028331962,0.010000106640783294
0.6670483355187469,0.5422617887948841,11.838809023150853
0.19678724938891973,0.0020169747357188833,12.170981412008107
0.1967872493889197,0.002016974735718878,12.170981412008105
0.5294601121828544,0.4696799136283335,12.51285477913198
-1.9855102715904636,1.8948608155246751,17.77987064500802
-2.0536614412821526,1.7312121754554313,16.67498361334812
0.490002917998859,0.49999694764473834,0.010000134359403
0.32467295745225266,0.5199336333579687,11.291370218705566
-0.012897158387746101,0.08991713402856484,10.664345613414223
-0.0128971583877461,0.08991713402856485,10.664345613414225
0.406378257303835,0.5048025154152217,10.072490884259972
22.089712773017535,2.008999821373724,-1.8765558026963045
16.11364384177627,2.136048043948688,-1.9401965103667722
0.01000010651617094,0.5299966510395102,0.46000324244731916
17.063019303820287,0.705984581719692,0.5345256165487009
12.3744953372089,-0.06874715414930777,0.046638841719474335
12.3744953372089,-0.06874715414930775,0.046638841719474314
8.974552150597322,0.474972035777371,0.47309455487883106
2.058899898015474,-2.06607576540166,20.842819280101388
1.7818815624240951,-1.9775101455192523,18.847108844062387
0.4400816662322999,0.5499182359105181,0.010000097860182282
0.5706640557965434,0.46922533892826723,15.811302016353906
-0.12132237482647866,0.08271291082587381,14.36935711943865
-0.12132237482647867,0.08271291082587381,14.36935711943865
0.6689936353158681,0.5842734377157731,13.059251551639836
1.6354253212261785,18.700393450505008,-2.0126469711665056
2.0377826067793525,17.611109445271396,-2.201113331353776
0.4504208507358867,0.010000198627826879,0.5395789506392866
0.48383939238374035,12.924296658628945,0.43358824288269227
0.030533861203150554,12.130245078207803,0.1380312717135146
0.030533861203150554,12.130245078207802,0.1380312717135146
0.5313908664802807,11.385327286447158,0.6074991192991325
-1.941463945516873,16.879088917722097,1.7355119789079037
-1.8579209581770815,18.717528009681402,1.9387155371059037
0.5515491333796473,0.010000098799144616,0.438450767824208
0.6470087286454017,10.521066559739879,0.5592259155588674
0.10808278417446786,11.562546472615958,-0.01414446610629891
0.10808278417446783,11.562546472615956,-0.014144466106298909
0.5018905220469206,12.707531287835305,0.41701568633029923
-2.0065436998639576,1.893059402682422,16.672813638904753
-1.893645964394469,1.9876406317304873,19.490943101459933
0.5000484859216929,0.48995141706162953,0.010000097019677662
0.5333092997423547,0.38450580085211705,9.990629363247212
0.013231358141358745,0.032098890232442966,11.609464354409033
0.013231358141358732,0.03209889023244298,11.609464354409031
0.4258381512552471,0.533009875743831,13.49104306838686
19.67088102990155,-2.350629924146343,1.8191557691678897
17.78760359198794,-1.9469923774317461,1.8182615595880811
0.010000097000975155,0.45000403984185644,0.5399958631601688
13.892551328170262,0.5993009567348299,0.5901721703364238
12.438740799147055,0.1331905006063146,0.18276803290499805
12.438740799147054,0.13319050060631463,0.182768032904998
11.137400478527578,0.37319574912785136,0.42650920567811607
-2.039620490706809,2.031680987360191,16.652701483655697
-1.8768765311995625,1.85884291385613,19.47172467680951
0.4600693931716774,0.5299305091555642,0.010000097675758752
0.5370656715791924,0.4873689002869372,9.714390971538645
0.029300145669912105,-0.0946540314613513,11.382077279253982
0.0293001456699121,-0.0946540314613513,11.382077279253984
0.5374305241419578,0.5888862982671381,13.336497596120443
-2.081803043186652,1.879060098131372,18.52531317287262
-2.1443311851068856,2.267382984342805,19.64765940023824
0.5100003107273915,0.47999959225290645,0.01000009702270206
0.4362511668619714,0.5896854931111755,12.43428883147398
0.009896518255969345,0.06092189141657639,13.077015956080038
0.009896518255969334,0.06092189141657639,13.077015956080038
0.415897184506777,0.4250120575048397,13.753355592978426
2.168110471962403,20.637400641874294,-2.098340542712033
1.9686412820986874,17.904667596140115,-1.7676872138265582
0.44940230411474114,0.010000099158383631,0.5405975967298753
0.527145625773924,15.400440258446931,0.4431712871283376
0.05827178129121194,13.310174566728742,0.018217975566857506
0.05827178129121193,13.310174566728746,0.018217975566857513
0.37142227699580005,11.50393925640856,0.5305780870892917
22.689578650661584,-1.8866615040552575,2.0496143121092785
19.994581945270674,-1.7240549880614273,1.9177415262401578
0.010000104247697409,0.46880714724567535,0.5211927485096274
18.038766033717714,0.5383765808069984,0.49304462145790456
15.872344771759776,0.08729997043054832,-0.08861469829276514
15.872344771759778,0.08729997043054834,-0.08861469829276516
13.966435117441575,0.5406873694431452,0.5484884200668722
-1.6680695112308803,2.00195086860018,24.364202048826243
-2.2895471941191285,2.35668520171546,19.171243479814862
0.5000938023653252,0.4899060924123842,0.01000010522529081
0.581148689888939,0.7678224695436711,20.883603920473902
0.022496126239072343,0.09337426348498351,16.524331682244853
0.022496126239072347,0.09337426348498348,16.52433168224485
0.5272064444388085,0.5166318134354537,13.075321062404875
-2.0255465884600192,17.136727435837123,1.91336957890173
-1.8918822749433688,22.12754998735186,1.944388725789246
0.4699895307707612,0.010000102190876128,0.5200103670413632
0.4078272496325268,10.407941944702939,0.575692775517867
0.13705325593168227,13.397630951409889,-0.04916084187467529
0.1370532559316823,13.39763095140989,-0.04916084187467528
0.5581090768676588,17.246602377444788,0.5502826289005736
19.892813815029044,1.9696234696091048,-1.9710922800969737
21.243411856508537,1.8788849246157235,-1.9205839492385184
0.010000097255646313,0.5199551478904458,0.47004475485690805
13.956390852194925,0.5247691924350371,0.47915879510973874
14.925011795178694,0.0599553224249315,0.0550450365585684
14.925011795178696,0.05995532242493147,0.05504503655856839
15.96125529271422,0.5343628477269612,0.6702580452778962
17.93522094214337,2.0154273344228115,-2.039498361663334
16.3618471157197,1.8911795191303777,-2.1473371193874073
0.010000097143325669,0.4601568508600971,0.5298430519995774
11.650684197088756,0.3986610053367838,0.6875883253764773
10.711421878922573,0.06481726888520026,0.01418246918220927
10.711421878922575,0.06481726888520026,0.014182469182209301
9.84822332939115,0.5209871815349824,0.5204642711703055
2.208400496364763,-1.9050334992710805,21.274326306896313
2.1247461697892036,-1.8474209997842872,19.92508296466028
0.5199999536863373,0.4699999493156919,0.010000097000970902
0.6651333435001188,0.6406399841838786,15.736536813484546
-0.01614096544387728,-0.03859354103495149,14.738662883112674
-0.01614096544387729,-0.03859354103495149,14.738662883112674
0.4343878495862881,0.4107684746499876,13.804413046450842
-2.1996781947390116,23.30559560112853,1.9197692323260112
-2.0871434467620915,18.26992308490559,1.9749800900718382
0.4800028609778185,0.010000119186453578,0.509997019838728
0.4208394290862008,19.474303500846318,0.5631586472939883
0.14684653272185752,15.211356355204591,-0.08328167835728342
0.1468465327218575,15.211356355204593,-0.08328167835728344
0.5078101886044698,11.881871350102926,0.37644266459694503
20.393835348993836,1.9639218622139571,-1.83864669561439
17.08289503618906,2.0475078136406957,-2.016297295795277
0.010000097089223562,0.4399993701058334,0.5500005328079433
15.022341698010292,0.5212181819955811,0.5322221711193081
12.645265398880234,-0.015991201302066875,0.026781644324673354
12.645265398880234,-0.015991201302066882,0.02678164432467335
10.644644712124766,0.3650702183029887,0.5335526416197856
17.744951983506827,-1.884475399156825,1.8733743480624792
20.860623367171506,-1.9391186388892596,2.0518910728462245
0.01000012788006421,0.5899330159532268,0.4000668561697092
11.672085598853181,0.6832554213419624,0.3838778165486247
13.654846052903174,0.013640848065854059,-0.09890786993885799
13.654846052903176,0.013640848065854059,-0.09890786993885801
15.974860612540846,0.5706010379423578,0.5333300892800092
-1.9779666282603696,19.430397065127057,1.8741624906335363
-1.9409388076857828,19.3484322527227,2.061132968632613
0.41636786574242374,0.010000149019183398,0.5736319852413932
0.47689473949493816,13.104462697439335,0.45182074050602444
0.12546686610119256,12.963798163434,0.15051656749351552
0.12546686610119256,12.963798163434,0.1505165674935155
0.4997884804611419,12.825009954414869,0.6378286498062902
22.010701792618416,1.909362321810566,-1.8592101530962681
20.027584339342845,2.02572872332742,-1.9162954467777094
0.010000097211536314,0.49955594152590804,0.4904439612655559
17.1875913945573,0.5685735966389848,0.5644411775895467
15.612089797940607,0.08606803896666389,0.17232931861265752
15.612089797940605,0.0860680389666639,0.17232931861265743
14.181344627735099,0.5218581800122862,0.40982545924180797
21.697921958164596,-1.8230273461012125,2.1214320740496606
22.57193727966195,-1.8283577854476631,1.953744943530686
0.010000098611435493,0.3804846322165748,0.6095152691749899
15.857545896573647,0.4455478329221965,0.46951060716284093
16.593009375868284,0.08003348808196871,0.05240521114040769
16.593009375868284,0.08003348808196875,0.052405211140407686
17.36297115939388,0.4242642758772386,0.6005205398696933
1.899408635498712,-2.3559341185567413,16.091879427211275
1.850851149153748,-2.1136987976420585,20.231343949942676
0.4398950246752894,0.5501048667938204,0.010000108533890328
0.3518921204302188,0.47259381634046915,9.757323519431036
0.047842695519187094,0.02422879391130499,12.130804219667818
0.04784269551918709,0.024228793911304992,12.130804219667816
0.4307960668777856,0.7489091496687191,15.082108385897246
1.9570338965563203,-1.7986715386551246,24.233258278898006
1.7377100991191374,-1.8951343090503783,20.650615590625307
0.39117195295575946,0.5988279365749957,0.010000110472245034
0.45345845643673516,0.5136306617110641,21.44687317455227
-0.02648987690999636,0.07499703924871795,18.442616488155714
-0.02648987690999635,0.07499703924871795,18.44261648815571
0.5825784008890471,0.8440555386098157,15.859515217763386
1.959599688462494,-2.0632920333154416,21.947988427846006
2.0528167001640427,-1.8808998466919085,19.13024280398997
0.45103625472410735,0.5389636326750948,0.01000011260379794
0.40445557401772136,0.4518150283663668,17.511972550499728
-0.0332164076106362,0.05130467233817159,15.174692825587572
-0.03321640761063619,0.0513046723381716,15.17469282558757
0.47421365964793327,0.6858172282988172,13.149688291139011
1.86459043010248,-1.7991309456367306,18.644040222130755
2.01012606052883,-2.049379737264799,20.444484326329484
0.49030996350907885,0.49968992988868327,0.010000106605237822
0.46149955694989464,0.43731999103170355,12.35831005446049
0.12062389201035074,-0.03834426675537961,13.588501573271108
0.12062389201035073,-0.03834426675537961,13.588501573271108
0.4239692588399326,0.5204317747574034,14.941559945521085
19.421018276545198,-2.081727319151334,2.0330257749695835
21.75210048562497,-1.9749347810854736,1.9295846432603565
0.010000115295173978,0.5000092127853566,0.48999067192246953
13.494443405335462,0.5151263823139978,0.33892169480376527
15.10834957951015,0.09908710900726098,0.08477703708484349
15.108349579510149,0.09908710900726102,0.08477703708484349
16.915692750893704,0.5047472021536887,0.3798173912633125
2.179304981760444,-2.0068284517972055,21.647281799772692
2.0989213016856687,-2.1054312793069907,21.873674520267112
0.5699991568297224,0.42000074615876687,0.010000097014510944
0.4621917741289323,0.5192248105488694,16.0818269687745
0.07755698171004713,-0.02599726676906698,16.31967293035541
0.07755698171004712,-0.02599726676906698,16.31967293035541
0.6468531313149105,0.49154364302459713,16.561412461467263
-1.906054179670935,17.277401224440865,2.0028481230766615
-2.022948141762093,18.56181257162739,2.2717858344223654
0.589998291091843,0.02005548867247186,0.389946220238685
0.5903381192979635,24.316343932433135,0.5507840391594722
0.05492557445533634,26.07611497850939,-0.07177720355642578
0.05492557445533634,26.076114978509388,-0.07177720355642576
0.4452310153189759,27.963661960338644,0.42388783500333194
18.0156314687739,-1.8989173147838376,1.7319355522813795
26.919767399321632,-1.9758421897386111,2.0901981820561324
0.01000009755490691,0.5500476227589153,0.4399522796891778
11.922620720398521,0.4974689701702764,0.4083184777744523
17.6482146523132,0.0512755374480432,0.06009074418932543
17.6482146523132,0.051275537448043175,0.060090744189325425
26.12399851965483,0.5542186168378087,0.47052797685994097
2.125394698066235,21.465790624663782,-1.9175028340197167
1.949690835679503,22.288028662384402,-1.9142286088609513
0.44011587602218866,0.010001870252753777,0.5498822537280578
0.5295020466177045,16.590611224664297,0.44316301526037477
0.1454797442200604,17.281303495022613,0.05204309871064729
0.14547974422006044,17.281303495022616,0.052043098710647294
0.6022606304228162,18.00113644503725,0.7647503411263467
-2.0543176596466752,1.8577564576071623,21.579795131944817
-1.7788357241079298,2.0042594039103405,23.478132371669396
0.4517086348640862,0.5382912569649659,0.010000108173947928
0.5472270870666177,0.5247545787402619,16.478085755661873
-0.04718254103958783,0.06456331621983673,17.77471533045715
-0.047182541039587814,0.06456331621983673,17.77471533045715
0.7552532970719781,0.5031501722797865,19.173774910852117
20.52337122502336,-1.8856048529883735,2.1830451537989624
23.009255184523578,-2.067320361224601,1.6543150420436998
0.010000099277582414,0.5800019035605044,0.40999799716491336
15.285040708490529,0.5469469198987916,0.46690914363669234
17.359449741815116,-0.13423173069068126,0.12533472616710187
17.359449741815116,-0.13423173069068128,0.1253347261671019
19.71581120985811,0.4870611915682077,0.5467405863712244
26.165473531721638,-1.782952536773153,1.9978336238441021
18.441766597564545,-1.8343580854253996,1.6471532235803545
0.010000099161079608,0.4300491635039371,0.5599507373379832
23.732796433265932,0.5337511658582941,0.5647167316145681
16.83443560480328,0.09219445946226666,-0.03140050740560891
16.834435604803275,0.09219445946226665,-0.031400507405608895
11.941484824317163,0.3952801243250931,0.35686577843009315
21.21259721399006,2.1123662959180938,-1.9296885552844716
20.78767536708865,1.8525774295518032,-2.301188989974251
0.01000010528625294,0.48999963459790735,0.5000002601188399
15.917402021571231,0.46603666140404004,0.5450131114633207
15.83535867157671,-0.09626401241194363,0.033328534824015696
15.835358671576707,-0.09626401241194363,0.033328534824015696
15.754106667503276,0.4735614211748306,0.5955042788102165
23.147740262422307,-2.0449031733737173,2.1696424615385417
22.526625628697015,-2.1075336171391172,2.0658255384215405
0.010000097736885247,0.4196941383460893,0.5703057639200255
18.466229064819522,0.5070878139531281,0.5833019962379685
18.032336390785137,0.2317592605030305,0.139607424381034
18.032336390785137,0.23175926050303047,0.13960742438103393
17.609000469603956,0.5582262103741378,0.4644771426353406
21.90142087009913,-1.7827920329726485,1.718015402361757
24.14131313370876,-1.873506871503795,2.146543450422353
0.01000036484902588,0.48073668497245964,0.5092629501815146
17.056566732718597,0.4606005014104783,0.5689127937334266
18.664764323122174,0.028422525910313814,0.0608911031080272
18.664764323122174,0.028422525910313818,0.0608911031080272
20.424999573011174,0.4605828949032343,0.5383582092828237
-2.193792673316379,1.8350618741275184,19.629739353552182
-1.9005913488474406,1.9607393036080123,21.359431042021797
0.4872351098030223,0.5027646559928922,0.01000023420708557
0.5444241359742955,0.5034460181503233,13.931171106914288
0.09331875612167502,0.03458366423750909,15.002702143570957
0.09331875612167502,0.03458366423750907,15.002702143570957
0.4113907867775282,0.5379707717192139,16.15705110167708
1.6372991849389718,20.333151105295613,-1.9132692412614598
1.7793051227873913,19.98932667579165,-2.1429933365639395
0.4099984402321855,0.010000166346741989,0.5800013934240726
0.4944447256008067,15.363295218136328,0.6223594105727288
0.04060699932755706,15.164372551960101,-0.043075439465323634
0.04060699932755706,15.164372551960103,-0.04307543946532364
0.33376760158981417,14.968391127940526,0.5143935698693339
-1.9681539087414035,1.944162640169499,23.80725959488058
-2.053658618517837,1.78186205942699,20.86531603918132
0.5399894895145926,0.4500104132580249,0.010000097230382757
0.6494540306726578,0.5809844552440931,20.50201826495463
0.003217885984038286,0.13276347537605437,18.09096869114114
0.0032178859840382855,0.13276347537605437,18.09096869114114
0.4114128549681494,0.5065027880710458,15.963789361965604
-1.8721678760073708,2.0769221282791874,24.508764748569146
-1.8034393210387838,1.8267173004094037,20.218404575700294
0.5003819131737915,0.48961798973338116,0.010000097095827174
0.5108748547293519,0.6037049576816133,21.25024381953386
0.04295527843583101,-0.02655026622495738,17.59521958577586
0.042955278435830996,-0.026550266224957375,17.595219585775865
0.40003275969436536,0.4648902875486639,14.569168621835352
21.230557216416564,1.775294694337566,-1.6666489724473528
23.197379543005383,2.1414303610056935,-1.881156092234294
0.010000097820017994,0.530748579225985,0.4592513229569971
15.7868592646555,0.6363316821992309,0.849614682553381
17.18914929921487,-0.1000973532384344,0.11538092053360699
17.18914929921487,-0.10009735323843438,0.11538092053360698
18.716404456157342,0.4956874452310975,0.47814567974028815
1.9065923893019463,20.62492574509846,-1.939272495649939
2.0131294874085106,23.82342619911399,-2.121057038249536
0.4996641595852425,0.010000103715269878,0.4903357367024879
0.43785303645983753,15.147299340476293,0.4960553095607466
0.07917722414828378,17.522935978223924,0.12386891589579238
0.0791772241482838,17.522935978223924,0.12386891589579237
0.5740252220657323,20.27159016364983,0.48148437528398547
-1.8965503418851737,2.1500303943303436,27.074580936840377
-1.8789598433345471,2.2164380644316837,21.052075303374842
0.4598301961042781,0.530169537369265,0.010000266529457033
0.4327028898934051,0.5617386885802454,25.592406986126125
0.1509360007076265,-0.09823039900243206,19.80089687528978
0.15093600070762653,-0.09823039900243208,19.800896875289784
0.5072616422346143,0.3659148225346945,15.32028986834016
2.152583580378466,24.959962147962422,-2.111549418135145
1.9074480541041008,25.72299850537693,-1.8264222816654014
0.47978744273577834,0.010000097103756983,0.5102124601634651
0.5657390124153707,22.264641342411966,0.6703356776795383
0.10191449084319326,22.91898296356086,0.08245519035523145
0.10191449084319325,22.91898296356086,0.08245519035523144
0.4163405872638928,23.592936626073396,0.6307206297479789
1.854606115838138,-1.9128368650182672,22.161816119982365
2.151095262642436,-2.010420402953086,21.597312272385732
0.49999969003369676,0.49000018725245253,0.010000122716850827
0.41715467479636853,0.4809207726073429,17.50778911957849
0.027955351795631488,0.09606022837662334,16.981792280953876
0.027955351795631484,0.09606022837662333,16.98179228095388
0.4220067415309068,0.4060812737779839,16.471957687842732
1.7975718942734007,-2.2485111059372245,24.545458849819465
2.0219621301660595,-2.0598491301259565,23.10771944904329
0.5282853056484755,0.4617145925352463,0.010000101819278299
0.4844719638902499,0.5101174484016541,21.617468412137182
0.13044430158647702,0.01580422207078365,20.173553910666218
0.13044430158647705,0.015804222070783643,20.17355391066622
0.6186520520643296,0.4531167581945255,18.826430514649783
-2.002275100426129,1.8390409827795382,20.813318861289886
-1.9792934930784385,2.1064836267287914,25.483337201252162
0.520121517493925,0.46987838547121064,0.010000097037864633
0.35962121652566764,0.43392071329028253,15.691137125166806
0.11898306956525116,0.014179243019557728,19.077912289301267
0.11898306956525118,0.01417924301955772,19.077912289301267
0.5932890928600383,0.47287227254746944,23.19614797383284
-1.9760301998924525,1.8229919238596846,20.395325150359806
-2.01587007998415,1.9372684367190947,24.212990644861566
0.42857191949631823,0.5614279779582233,0.010000102548458536
0.6507808710333585,0.4205699628623147,14.563234125409322
0.10431882690167976,0.030273048233637807,17.278273568630215
0.10431882690167978,0.0302730482336378,17.278273568630215
0.49579107056960026,0.569465230338303,20.49992660184053
1.923130432759713,-1.997885878616074,21.1549488167865
2.1132381903080226,-1.9198938038669855,24.95681349506147
0.47907752739193094,0.510922374291724,0.010000098319345214
0.42701035015858074,0.4926438426672381,16.087801686609456
-0.007222467977594758,0.0992917624686761,18.865185033032017
-0.007222467977594767,0.0992917624686761,18.865185033032017
0.3730960917253754,0.5157215620974296,22.122493129255616
-2.0027359360364563,2.094775634024344,26.958267235098862
-1.9785851545482778,2.256451993415857,22.780973341927048
0.6000397433390356,0.3899601595813033,0.010000097082661173
0.567375535638322,0.5952154136897491,26.616648125972905
0.09313878271755044,0.06904112729962883,22.472943811188845
0.09313878271755044,0.06904112729962886,22.472943811188852
0.6138520272396505,0.4128404777264184,18.974652403627086
-2.001674487610097,2.1821178870217266,33.12139743517931
-1.9750137477011103,2.1124939165528236,23.751620834791126
0.4778923685357609,0.5121075344523054,0.01000009701493386
0.5788557657611411,0.6394839299944777,38.68914957275166
0.139699961178734,0.04003839951591509,27.717806758218263
0.13969996117873398,0.04003839951591509,27.717806758218266
0.5067694451969926,0.5452263687124729,19.85796177981629
-1.564946018643917,25.014207787684242,1.9656766457374653
-1.9723416918001218,23.95445191060581,1.919376001778435
0.5101464405683137,0.010000100747567265,0.4798534586871193
0.6289544862659521,22.021547773329,0.524934319064757
0.03964101340744489,21.28855735302881,-0.09113819566912651
0.0396410134074449,21.28855735302881,-0.09113819566912651
0.34012231206660704,20.580322874638522,0.6455775311127941
21.010249830123048,-1.696792974407386,1.971274837261467
29.128760481041102,-2.0848386533298373,2.1354636238616322
0.010000097010893523,0.37999994190739567,0.609999961084711
14.901297246884127,0.4243743458179198,0.5436981561904501
20.85093427279199,0.13181812431994083,-0.031070828487143636
20.85093427279198,0.13181812431994083,-0.031070828487143647
29.176629080656685,0.41083208855291947,0.6092121235602899
2.0523153697593117,-1.9963303987804506,22.562231654515728
2.003754358088782,-2.0584245814967144,24.79239283604546
0.53007209478396,0.45992780685430157,0.010000098364738544
0.4024382633431114,0.44716068516862284,17.859072556597898
-0.04075446998512228,0.14248580436733546,19.681184918721314
-0.04075446998512226,0.14248580436733546,19.68118491872132
0.4613326576640103,0.42845690795481184,21.689612513393314
-1.8664109442962404,30.04653062555285,2.1734726933199844
-1.67572944124774,23.7570735897929,2.126765112690006
0.5388558291899609,0.010000097446492716,0.4511440733665466
0.6052038821487528,32.197950192721365,0.4443170503617515
0.0730963637756244,25.37478661804431,0.010305730920402467
0.0730963637756244,25.374786618044308,0.010305730920402467
0.5674763361888538,19.9978401702624,0.47757128545312266
2.0078990321606422,21.43812380225087,-1.7060939426541117
2.1488818247045027,29.139765753307366,-1.9099198363641114
0.44996728107730366,0.010000097035014841,0.5400326218906816
0.4075680547652825,16.389966817178887,0.4925246389186866
0.08355451532304507,22.309526392393572,0.10141502009948627
0.08355451532304507,22.30952639239357,0.10141502009948626
0.40888956807962595,30.36757988441303,0.3992378846910633
-1.5374842592244848,25.27440400556081,2.1228655632714406
-1.711548508608553,25.765230759317447,2.199413902998947
0.41080532201476555,0.010000099129697095,0.5791945788585375
0.7635014004427008,21.685948421209215,0.48814738899816007
0.43322214280963994,22.141590613221027,0.025157798573652253
0.4332221428096398,22.141590613221034,0.025157798573652253
0.9256694155691236,22.60718451224246,0.37481438121452026
27.3584384795766,-1.8269691954823346,2.0339813863481493
20.5915315493215,-2.014986909461851,1.571332981001109
0.010000114754338799,0.55000049279627,0.4399993924523916
26.864177661891954,0.7478254453453788,0.44916118094032786
20.548791826491815,0.015064476775987776,0.028437076841134674
20.548791826491815,0.015064476775987786,0.02843707684113467
15.718356856606059,0.4211780840175085,0.4192167414161711
2.1812679804304187,25.79659863099249,-2.045584883596109
2.01253024193924,21.621052506772294,-1.8232372738149416
0.4806045594072051,0.010000108780186107,0.5093953318156088
0.5278942174671348,23.68523658035463,0.6373545069153194
0.08680354576596673,19.820422445814526,0.15703399981520044
0.08680354576596672,19.82042244581453,0.15703399981520044
0.38434940791019173,16.58656025256476,0.5333217819247453
22.96964948837606,-1.6966894200314666,1.8347882294341191
24.16494279274381,-1.7475526608451097,1.842152625654588
0.010000097421499626,0.4899908425757148,0.5000090600057859
18.648248350816047,0.35970220736391,0.44889499057091714
19.63962981032292,0.11677060041168992,0.07397395642024598
19.63962981032292,0.1167706004116899,0.073973956420246
20.684105850868523,0.4778997866574377,0.5190799388998129
23.438490399023298,-1.9607020027538193,1.9135781023163858
23.47419514810852,-1.9142309948819731,2.0090422466717315
0.010000105622187958,0.41999907459373204,0.5700008197870802
19.12601693519408,0.3789984660353059,0.45592724163118376
19.09372672172288,0.06361757373487616,0.043217155126003604
19.093726721722877,0.06361757373487614,0.043217155126003604
19.061860770803623,0.5390180619705267,0.6018492810893282
-1.6778828422699215,24.967672950869925,2.0591668439846638
-2.0604018370435555,26.47948263137319,1.9463547744848964
0.5425003078583566,0.010000097307711524,0.44749959483693214
0.5824281473617582,22.174110940584594,0.490863071012227
0.002350626731546238,23.748729322112805,0.08000463699944788
0.0023506267315462374,23.748729322112805,0.08000463699944788
0.5712083004315633,25.435561430082466,0.44000932748273736
1.7730584373954519,23.272562339474906,-1.969782070016827
2.089176700690999,21.014902886831276,-1.7077182469446148
0.4703711113435288,0.010000100704849225,0.519628787954622
0.4537214920536108,19.60406178208628,0.5415891769404895
0.019155006993704433,17.47703613173234,0.11984337538023017
0.019155006993704437,17.47703613173234,0.11984337538023015
0.2676497551827026,15.58112349807756,0.5934455868719128
2.0463978750486,23.72079636174165,-1.8924328441890828
2.029470720195294,28.947760519637967,-1.5621912503161608
0.50069296369704,0.010000098570312992,0.4893069377356471
0.43178212919911946,19.871367005734676,0.5724203422789794
0.04466075409120741,24.13811653394276,0.09826952427997168
0.04466075409120741,24.138116533942757,0.09826952427997165
0.5983867135563201,29.32147443048157,0.48571073106511853
2.149307026944379,34.102715945076326,-1.8400058793778633
1.8846437314729032,25.951282318740226,-1.964805383707379
0.4499657773318427,0.010000124658303852,0.5400340980128536
0.5922956038395173,41.474134198316776,0.4622123226930842
0.12995449091756475,31.79642836743563,0.0334921077571144
0.12995449091756475,31.79642836743563,0.03349210775711441
0.6998629722282996,24.377243097029492,0.5507319614001852
-1.9400257960310563,1.8225881311950654,24.579397103864878
-2.123207787499957,1.9063207229089747,25.293618480827647
0.4401416299012441,0.5498469724151928,0.010011397686563166
0.3898559777675708,0.535819970688035,21.289609244881746
0.1059581081335748,0.17955618884244423,21.942394654235063
0.1059581081335748,0.1795561888424442,21.942394654235066
0.45794529288448665,0.44800547280992403,22.615577796511317
1.6359939297801418,-2.106110555717741,25.590387066001362
1.9502205383580329,-1.7933124018309154,24.554755596261803
0.4675106074600127,0.5224890901959857,0.01000030234700145
0.5553888237723119,0.6452414642854365,23.940504162117247
0.08720618724526366,0.06215889580734013,22.694604216308196
0.08720618724526367,0.062158895807340124,22.694604216308193
0.49758059328915416,0.5768225749188471,21.51389438148457
1.8981881798988778,-2.05299582254764,21.877619614267413
2.127738269504888,-2.1687798120895034,24.08710557252863
0.5299909159965124,0.460008986981514,0.01000009702497362
0.4143726672669238,0.4741029422547867,16.95292301083692
-0.025861755879727222,0.08277618562788908,18.616018794743745
-0.02586175587972722,0.08277618562788908,18.61601879474374
0.45499772067377364,0.43152070549901816,20.4426741406781
2.090431604533854,26.955897219140233,-2.253116024732358
1.907553165145632,20.630652748384925,-1.9127742969035115
0.4999992849829209,0.010000117390651656,0.4900005976294277
0.41798129661052624,25.992174995827835,0.5279299057351465
-0.03484611410601439,19.83318137004298,0.012717236885382113
-0.034846114106014396,19.833181370042976,0.01271723688538211
0.3346867357612711,15.133889304159466,0.4896169634580779
1.705930153117579,23.63100445935077,-1.9429410737657224
1.9468983820958956,25.375988946996024,-2.045536523185445
0.5300544607716213,0.010000098615529883,0.4599454406158491
0.4858919674883886,19.873478274302485,0.42216577701909214
0.02955094936550088,21.273066172900915,0.018329518938403774
0.029550949365500876,21.27306617290092,0.018329518938403778
0.5385991701296236,22.771617295973787,0.500758770154941
33.14307154984112,1.9643492116591335,-2.0100827282758016
25.073006312034874,2.141060364744594,-2.0179219821870875
0.010000263984729016,0.4999833802451816,0.49001635577308933
39.12791388053788,0.5729370784483065,0.39549024082253215
29.500637021062587,-0.012982592939162577,0.0920988101119465
29.50063702106259,-0.012982592939162586,0.09209881011194648
22.242406077220636,0.6629945748176629,0.5016856593845316
-2.057425387725367,1.6474476331754198,23.330237000410015
-1.9545613589937478,2.0685031902216258,26.225198835122875
0.481102913691785,0.5088969408153894,0.01000014549582575
0.5708308958574982,0.4827477758847578,19.641047756819887
0.059198842115148,0.08165298424035608,21.839291080905383
0.05919884211514802,0.08165298424035607,21.839291080905387
0.5173597636488267,0.39714103384131016,24.28397787385696
1.8747084103802902,-2.1707336799525505,22.36652970514673
1.7824845102199416,-2.0667333754407045,28.600111264562234
0.5099822622830402,0.48001763955770355,0.010000098162256556
0.4034875099405951,0.45754218271877883,17.956311490568247
-0.10873932847991595,0.0952247846284816,22.9385286647611
-0.10873932847991594,0.09522478462848162,22.9385286647611
0.49616721225339144,0.5136030117278924,29.30361557742474
27.205326765255474,-2.0059287821479015,1.981904576033801
26.38560715349873,-1.6948389855397505,2.1233341374324217
0.010000098511444903,0.401794242246605,0.5882056592449504
25.672884341322074,0.44171973968049877,0.5109615923892122
24.68752891752467,0.09769255149890552,0.03712036432102465
24.687528917524666,0.09769255149890552,0.03712036432102466
23.74034902019587,0.4608077258871229,0.5109738152952928
25.197224663715694,-1.9201690338965367,1.8517663683159882
22.631524970534574,-2.092317488610149,2.1133597213774586
0.010000098631037171,0.5200000763085386,0.46999982506342447
22.840199903511984,0.34170166151421993,0.47864044293122593
20.495400556304972,0.1527567856003999,-0.03954966645882037
20.495400556304972,0.15275678560039993,-0.03954966645882039
18.391655118274894,0.5280542064099389,0.354225986018192
21.061462134451805,-1.9657864874232311,2.087392866849578
23.34733947260219,-1.8118852633159188,1.7420335160087739
0.01000009749854499,0.5199659278473344,0.47003397465712077
15.856578632129905,0.4544252649689888,0.3662640086425812
17.63679588841145,0.11617427772616587,-0.04532852012751299
17.636795888411456,0.11617427772616588,-0.04532852012751299
19.617292331919103,0.38913729269845654,0.4363711411983679
1.831283585867012,21.548178229084986,-1.842483644983595
1.984964428312384,29.363769147247837,-1.9037069554175838
0.43007869308404845,0.01000011537479521,0.5599211915441569
0.43598148648232815,16.909147026609993,0.46897109270075976
0.20923927808877843,22.948699894588394,0.1296271629528805
0.20923927808877835,22.948699894588394,0.12962716295288046
0.4800060519015321,31.145966445508627,0.4435245429917838
1.8713906147726171,22.218338704692055,-2.13562813982709
1.8557835715692705,27.075425432411418,-1.905482853722937
0.5399155941147128,0.01000009718831987,0.45008430869996735
0.41248167986698986,17.507701167943612,0.43953643226984024
-0.1431813482120728,21.266665418235494,0.10512801914426353
-0.1431813482120728,21.266665418235494,0.10512801914426352
0.6047264689084444,25.83315077873881,0.43601368608377694
-1.7539301174505837,2.287013891360879,31.826122998615393
-1.8855114524427345,1.7924988588346347,26.971912034318333
0.47999436766257697,0.5100055343204021,0.010000098020021185
0.5358738923957672,0.5060193899992026,35.33584099534593
0.02153466505465647,0.03875412849338065,30.247505096426778
0.021534665054656458,0.03875412849338065,30.247505096426778
0.4627416579719126,0.5352981529177047,25.892206815511106
33.8463106770073,-1.887965195253631,2.1524523196671614
27.086758162387103,-1.7832251882579369,1.8309770282122946
0.0100000972015663,0.3807836294056329,0.6092162733958011
39.38916410999668,0.5322102633889583,0.6172088241692384
31.568559994089547,0.1943155157853745,0.07394439434934436
31.568559994089544,0.19431551578537457,0.07394439434934436
25.301018243152615,0.4652262598322335,0.5445657882277717
28.672141281911944,2.2524028240584864,-2.0972448310852463
30.465236323115438,1.9737923905813444,-2.01102684663978
0.010000097111948034,0.5009471973071479,0.4890527055839043
29.06670921363127,0.6288968765160672,0.5166908220255855
30.990905987196886,0.019008699267752033,0.06965094795037488
30.99090598719689,0.019008699267752033,0.0696509479503749
33.04287900599933,0.6187568085766564,0.4843493385866348
2.195642375820268,-1.5967395886315003,31.831504222730985
1.76848185718626,-2.0116665747826312,22.33891900465945
0.5099907690972653,0.48000911793895334,0.010000112966781261
0.3326388318943217,0.9384366286532654,35.2825776347311
0.003947265234570465,-0.07842843703327593,25.113957049535664
0.003947265234570473,-0.07842843703327593,25.113957049535664
0.5218625525030013,0.46899713490690964,17.876264297105788
1.971466749977349,-2.0422772478232853,24.47053848682399
2.1776895356149844,-2.0118933976138247,26.49046162924903
0.4999995633566127,0.4900003395269917,0.01000009711939574
0.43722839793433294,0.4514040922525178,21.352398554522402
-0.07555036431142066,0.09606523024946384,23.009694462744626
-0.07555036431142068,0.09606523024946387,23.009694462744626
0.49191994404144096,0.39922401506335886,24.796023916788528
1.9211003417285684,27.604639979421805,-2.195292154636993
2.2063218948905945,27.619762717653412,-2.1978667278211677
0.5299996273871103,0.010000100256974204,0.4600002723589157
0.4106453378655402,27.126715758387707,0.4702507730148115
-0.04665604896116776,26.992688384968947,0.11339335412260154
-0.046656048961167755,26.992688384968943,0.11339335412260153
0.5199836568591797,26.8596917587149,0.36521644961054767
-2.0423021485100086,2.0478366224726248,24.683168915131755
-1.6663779506880005,1.9187505116854044,30.782087270699893
0.47053642970736187,0.5194634248955359,0.010000145400102519
0.5495866450190451,0.47511504427102036,21.518979570726675
-0.0589304406126466,0.1907702062811907,26.760526590522687
-0.0589304406126466,0.19077020628119068,26.760526590522687
0.5008779780946379,0.6404642303268862,33.279269997376296
-1.8143907791858376,25.107426265651206,1.9037534065967405
-1.8395855226802793,24.53294984085877,2.0583159847041532
0.5585704387162069,0.010000100695330708,0.43142946059146237
0.4567057776267267,22.789687991474207,0.4135586327833306
0.05907418853023745,22.223885004569972,0.034829666915075753
0.05907418853023746,22.223885004569972,0.034829666915075753
0.5974944758795515,21.67249058363798,0.40962885216521944
1.801335390146957,-2.095782212537206,22.12677435301506
1.9496433327921467,-1.8001709642446224,33.84989668344126
0.4997711127339309,0.4902287901701737,0.010000097098895424
0.49322622205982547,0.6013625303488713,17.63953973423852
0.06535075280517501,0.04157841347065734,26.75550824632109
0.06535075280517501,0.04157841347065734,26.75550824632108
0.5681997116858114,0.6262730504504233,40.58314526619213
1.749777871696968,25.233664945999433,-1.7391192400583069
2.087546335100187,26.07925802438533,-2.0137681628959125
0.4292420609430182,0.010000098211911035,0.5607578408480711
0.3982385347162694,23.07655100337861,0.6338987607020302
0.021440439500533218,23.85046393261856,0.08813204412656499
0.021440439500533218,23.85046393261856,0.08813204412656497
0.4309568791014356,24.650714401216096,0.6042730236346725
2.3109975392332713,30.75729587706578,-2.100349765601216
2.0099160857231793,28.33300459319558,-1.7339486660530847
0.5309908813025846,0.010000099117794826,0.4590090195826208
0.4191188892470593,33.11753240700438,0.5958115397640016
-0.024642886712318672,30.47492765476209,0.12736075452343326
-0.024642886712318665,30.47492765476209,0.12736075452343326
0.3818102205500146,28.043530847579824,0.8257439604726439
2.178718579654502,-2.1072842537948993,30.493017293366844
1.97006207644667,-1.9692917824400882,30.17824803916596
0.5699997936557946,0.4200001046397438,0.010000101707461793
0.6527718069540956,0.3738621293610757,32.34937714541404
-0.10462360682694406,0.10545957625570392,32.076891856642476
-0.10462360682694408,0.10545957625570394,32.076891856642476
0.48772949527257387,0.48644823782228447,31.80706903093741
2.103446480893703,25.251615295945765,-2.251547769892431
1.822233180398613,30.06081107535051,-1.9026302940960627
0.45989339529522094,0.010000101541594454,0.5301065031661846
0.41345274014433037,23.115657605085506,0.4803733422296112
0.10077767963833766,27.42829797901809,0.058280980842542296
0.10077767963833768,27.42829797901809,0.05828098084254228
0.5063867199379125,32.54598465490134,0.646290168696711
24.51369612986106,-1.8764787731188386,1.881755382630501
32.34500977379744,-1.7954422114563997,1.9559377329078613
0.010000098585134898,0.5380790393920399,0.4519208620258255
21.676760282940897,0.4865796369159235,0.42535005924687996
28.48882380506128,-0.01728096018295783,0.12224044325248014
28.48882380506128,-0.01728096018295781,0.12224044325248015
37.442127841552235,0.7973434162857805,0.4837126951647561
24.762143016084988,-1.9351754345685903,2.0964775538650584
28.559443019568132,-2.170987618451512,2.157252017152395
0.010000097014816552,0.5499999819599152,0.4399999210282686
22.08223692926885,0.4861989939169184,0.34032547201576585
25.541402101877466,0.07692995095316063,0.08746880772174391
25.54140210187747,0.07692995095316063,0.08746880772174391
29.542875732705348,0.5333712460892979,0.44266605810090126
1.897881696047452,23.79736352939007,-2.031647578538361
1.984325308321593,24.57034725020592,-1.9669272824263617
0.5001290222879704,0.01000331393539561,0.48986766377963403
0.3563475152641296,20.255608111492148,0.439927492253258
0.04239295952621668,20.84777300155513,-0.011396290206087185
0.04239295952621668,20.847773001555126,-0.011396290206087189
0.29680961484517887,21.457630967872237,0.6502455570357561
-1.9517197606071104,2.021760771670098,26.815480013522542
-2.170630490349349,1.8381487383852095,35.41065959128287
0.4600057020423014,0.529993847751833,0.010000450208865579
0.4332429820473546,0.42628530437434714,25.280561190175796
0.00818840658093745,0.06839315304072406,33.62583933068952
0.00818840658093745,0.06839315304072408,33.62583933068952
0.5527234431248069,0.575731645915222,44.726461031041765
1.8517387031871717,-2.0571468534403103,29.199243173815603
1.7476641970464388,-2.1643930895149417,22.560803070097776
0.5173045523435683,0.47269534857780326,0.01000009908162874
0.48795809531088,0.4563110130153043,30.397484735150933
0.07832789458432993,0.08195749505058923,23.60021763233762
0.07832789458432993,0.08195749505058925,23.600217632337625
0.40771511431389895,0.4910127230067254,18.32320336573962
-2.0224895227416977,2.1367728809465403,28.14160260217803
-2.0308114382967797,2.1250916449804027,30.60935964638588
0.43992583618665215,0.5500740668066236,0.010000097009724342
0.6454382865030475,0.6213718112096465,27.63737222445098
0.11770026428811668,0.0546841427095909,30.095517644023158
0.1177002642881167,0.054684142709590884,30.095517644023154
0.4147898861869661,0.6657493194198075,32.77270219188601
1.8571939080738908,34.56695101748189,-1.970072866911517
1.8056686134426454,24.52064154140138,-2.161610680091084
0.5500087813177043,0.010000097070546388,0.4399911216147495
0.5880958357559503,42.17941148156786,0.6373024033315658
0.06498303992691232,30.005993361399472,0.0708174073005081
0.0649830399269123,30.00599336139947,0.0708174073005081
0.5051479754423995,21.34622959286947,0.3886265581100292
2.1054389129386326,30.104439604047805,-2.168646750893408
2.0966421129736426,27.96535157209501,-1.9526855888922277
0.4999998808590398,0.010000110568289493,0.49000000857567083
0.4361617437133831,32.2976026598943,0.4542996296564734
-0.06412774620842915,29.893406251404958,0.07650459186328418
-0.06412774620842915,29.89340625140496,0.07650459186328418
0.3372167379480775,27.668519286863972,0.5717722954117498
30.30448613515925,-1.8503951602248323,2.1359212621519452
29.679790078361236,-1.9404955224489446,2.068909184711389
0.010000097051852614,0.5192412547156937,0.4707586482354541
32.60394955509403,0.4574315786932764,0.6024929223968745
32.01587025813374,0.004313163934413618,0.08267314158949726
32.015870258133745,0.004313163934413619,0.08267314158949726
31.43876193222144,0.5562114286164412,0.5141509872254516
23.229659885916963,-1.800948737029206,2.007096292986396
28.71069424154675,-2.0647287123383604,2.038276494383166
0.010000111469412569,0.5699987139191519,0.4200011746144355
19.515893010036226,0.5068229865236887,0.4001561621169194
24.20030402937801,-0.04199336144616751,0.0351537900318551
24.200304029378014,-0.04199336144616751,0.03515379003185511
30.00958686154835,0.6626722914015742,0.48662087795350856
-1.7797331775144558,30.4746657310105,2.1006146009754976
-1.9995665900071802,24.677795562239524,2.006511234893578
0.49000837951373094,0.010000097030273184,0.499991523458996
0.5408246795568934,32.685134707930786,0.3499512217211933
4.08132850007446e-4,26.599459373687267,0.019763842289923346
4.0813285000743744e-4,26.59945937368727,0.019763842289923342
0.5839132609774105,21.647189366117715,0.3675868374726367
-2.0214386616003326,29.68068108552478,1.9814197903247375
-1.630576866598146,27.382429363359208,1.9623721394546856
0.4639377480673113,0.010000123639032184,0.5260621282966567
0.5799143983496157,31.15545020991295,0.44009384887858993
-1.6816077764490834e-4,28.55187917320317,0.16888793181881737
-1.6816077764489942e-4,28.551879173203176,0.16888793181881734
0.7669298123636531,26.16622176596606,0.6076437160875381
-1.9470939411224304,26.608288340698362,2.1285897642101803
-2.0116919234183666,28.217032495769654,1.8262500517107054
0.5899855732908278,0.010000098480911938,0.4000143282312605
0.5586446457688464,25.771481970052683,0.4244358397728545
0.0568709801446198,27.466836706921438,0.06146503598845829
0.05687098014461979,27.466836706921434,0.06146503598845829
0.5516163679555403,29.274114432228398,0.43288239130319495
31.84598563458553,2.0504501660462044,-1.969058003480101
27.26812781769681,1.924561858082043,-1.9905424595266912
0.01000009701678478,0.48000521267962787,0.5099946903065874
36.16043377195099,0.5743834356312809,0.46069268444268346
31.047171856585493,0.05107941309452938,0.0032872454260775533
31.04717185658549,0.05107941309452937,0.003287245426077553
26.657271847060127,0.5617669799321717,0.5968526074834292
-1.7919775952093435,2.1471782128399477,33.310776065007865
-2.0154944398385566,1.8789678818227677,26.631057215207893
0.3806824189894476,0.609317483705031,0.010000097308521484
0.40708668925043306,0.529301614511192,38.05093097640401
0.032917033025599986,0.0405293148646832,30.567094392616603
0.032917033025600013,0.04052931486468319,30.567094392616603
0.5979924436439682,0.5443973356179147,24.555479442328746
-1.854541128207984,2.0176279472809933,24.93882364957102
-2.2058337193741124,1.8777254543914779,26.803622598372183
0.4100002969720568,0.5799996059629213,0.01000009706802233
0.46575140167174206,0.354469361000406,21.43152951496646
0.0745295555797073,-0.012881215710334425,23.259505604960577
0.07452955557970727,-0.012881215710334435,23.259505604960573
0.5236378838069105,0.5104637458807789,25.24379998891945
28.7852876971298,2.2349996990095744,-1.8731936059338603
36.12568405615146,2.0198323383906085,-1.9171088300795274
0.010000100574476575,0.4502965772168417,0.5397033222116817
29.51050485607364,0.35914036088370715,0.433512769344577
37.16038954209805,-0.05264012145856821,0.07913173312340363
37.16038954209805,-0.052640121458568216,0.07913173312340364
46.793800649907844,0.4092941009008119,0.4747534374414985
29.73582698506001,-1.9655082881825783,1.8213784593094866
27.955394751912497,-1.8063769338079934,1.8210409896759248
0.010000098860843907,0.3792577040928834,0.6107421970492728
30.727790758275955,0.38866520111203146,0.4616516215858519
28.801184179198412,0.11613461937169578,-0.03732718690148755
28.801184179198412,0.11613461937169575,-0.03732718690148755
26.995722086066753,0.5159425134202258,0.4471302457799205
-1.8174613786449645,2.0218106870043093,29.114413541716058
-1.846620776680658,1.8835128144957876,27.297075855514592
0.518872025978884,0.47112787647679844,0.010000097547317673
0.48904364455115773,0.5497656366192785,30.163535512074358
0.15695350909089067,-0.18682643017518952,28.363903660505827
0.15695350909089065,-0.1868264301751895,28.363903660505827
0.6420868923665827,0.5734298148050971,26.671991272497266
-2.1253572282478337,31.903794760361574,2.0977415621832924
-1.8130991280094886,30.023550168762817,1.9203904377987042
0.56000782694952,0.010000097932596276,0.42999207512088383
0.5219445366388085,36.90056808074682,0.3524357279496016
0.05581743512020631,34.63151129553656,0.022586282490477682
0.05581743512020631,34.63151129553656,0.02258628249047768
0.6003114730537202,32.50232962112218,0.6398742067001281
-1.7229645054998646,2.0683751645193396,28.90317110018252
-2.021778852113503,2.2223841862024396,30.370217636019795
0.40766495649136847,0.5823349411609325,0.010000102350698923
0.5438237550386243,0.6914752174786881,28.729275620270034
0.21887845419369678,0.13913270706201775,30.246628386161944
0.21887845419369678,0.1391327070620177,30.24662838616194
0.5140534262238757,0.6704475075824162,31.844511436924357
25.635287940958733,1.9100620164146587,-2.0607671647235137
30.771524976327214,2.1006013087546487,-2.2239989218519476
0.010000097001904977,0.4902181467324936,0.4997817562686015
23.575918511382127,0.5256517098188115,0.6179637761723776
28.27106067232645,-0.009422427537550572,0.11405177740713927
28.271060672326442,-0.009422427537550567,0.11405177740713926
33.90169147047421,0.5996759565219291,0.6179958844378415
2.0301074881582317,-1.946316584684322,26.1327989421787
2.172176486265149,-1.9854840582518252,24.37003997839844
0.36999998496534964,0.6199999154101176,0.010000099627532807
0.21638460136456233,0.5427093933179896,25.166163790655517
0.057915465447544355,-0.07450448366362482,23.469713175433416
0.05791546544754434,-0.0745044836636248,23.469713175433423
0.360987976112183,0.594646243258457,21.887966509830232
-1.6747041751908323,33.54553586078641,1.8324827761170395
-1.9951484170989195,33.90022119563337,1.9548487631984466
0.36064533483318995,0.01000009881356685,0.6293545663562433
0.6692571062566302,38.7826392648663,0.6265995204210425
0.032253112792151296,39.24645516306772,0.04016306274275687
0.032253112792151296,39.246455163067715,0.04016306274275687
0.5981251182759346,39.71619283395647,0.7675717960119814
2.0936727712702994,28.643416962312685,-1.969922075045923
2.3170559709588234,31.127834502219407,-2.1047223476459775
0.44999969324594813,0.010000105116814637,0.5400002016402373
0.5603446304396688,29.462108448626335,0.600231377088513
0.04199661236525364,31.977724955945416,-0.008615371921300926
0.041996612365253636,31.977724955945416,-0.008615371921300925
0.4352492911080479,34.70854024451386,0.4666292566300896
1.9594489311525631,30.7794354156692,-1.9723730218866848
1.9373564376772872,25.832994803230097,-1.6141847113975745
0.37958181148534964,0.010004852914024588,0.610413335603626
0.4844218354120717,34.76527854634936,0.6147407142368534
0.0757799095387942,29.02426066513963,0.1460638612125948
0.0757799095387942,29.02426066513963,0.1460638612125948
0.4375137805290404,24.231608885725045,0.7063707474167417
33.425171725000816,2.12630857102809,-2.1165480657510405
28.21537553930099,2.1042072060222092,-1.7484273916603796
0.010000812981240751,0.5600104015584458,0.42998878546331343
39.13272089736943,0.4900884748882881,0.5330434037358741
32.807417330602334,-0.022422316496400873,-0.0024457044172532293
32.80741733060234,-0.022422316496400873,-0.0024457044172532293
27.504833486248213,0.3685630506808353,0.5622944447217509
31.132610957281578,-2.130644121127826,2.159586460508876
36.94911007992372,-2.030317248486585,2.0085985599444127
0.010000097956036458,0.4796803617459819,0.5103195403009819
34.34123459092745,0.6564082049005012,0.5780948885842029
40.805643464242856,0.11674297649724934,0.114685297629547
40.805643464242856,0.11674297649724934,0.11468529762954696
48.487362116142755,0.5590559130275352,0.8946679352195595
-1.9868885464947785,25.023596084309755,1.7523436442251634
-1.9516132435314117,25.14288507097124,1.872161110837442
0.5555290745636267,0.01000010953889752,0.43447081590047576
0.43572866749315453,22.912748912205863,0.49189125853860194
0.03136844707985551,22.954847206541547,-0.08865991865544796
0.031368447079855505,22.95484720654155,-0.08865991865544796
0.6215290803730479,22.997393902343447,0.4501860419045229
-2.112495304574893,2.1289571223013137,32.43517143323435
-1.9506985973431576,2.0145161187139196,27.880819390467455
0.5302937570613182,0.4597061442707804,0.0100000986709016
0.42784945027491467,0.6653687117464564,37.79024904436192
0.060420808804647036,-0.054609927997985606,32.46794564721281
0.06042080880464703,-0.05460992799798563,32.467945647212815
0.6154572136082167,0.47339695164054063,27.895546740506042
-2.2406171634258496,1.7644240289769766,22.870189774562434
-1.8803685505433925,2.210546435703965,30.006170867868402
0.5675910704079273,0.42240883258707884,0.010000097007993827
0.567607275038807,0.3501871510116224,19.493823115578525
0.05913906226731817,0.04078721372019626,25.108538620657622
0.05913906226731817,0.04078721372019625,25.108538620657622
0.8018817824178246,0.4762220373928819,32.340927016760595
-1.8429567163931722,1.8755560832866067,26.43189208447343
-2.044782263617352,1.7938511129911399,26.68985320033289
0.5375890795897351,0.4524108231035495,0.010000097309715511
0.6705415202343696,0.39287911037118733,25.146009367022252
0.11202572120823295,0.006741182490541281,25.52888405273321
0.112025721208233,0.006741182490541286,25.52888405273321
0.6046562346848248,0.317199494467551,25.91796446595568
-1.8621970089826638,34.011473088177816,2.2194300116782126
-1.8842657758296548,26.61462777594318,1.9279915848683815
0.3900009175262674,0.010000285320958533,0.5999987971557742
0.7145059649589712,39.74953207083981,0.4751401205896997
0.06891649526030276,31.16843154521486,0.039693268988102395
0.06891649526030275,31.16843154521486,0.039693268988102395
0.4345363108509137,24.440111903460114,0.3399837640147519
-1.8309851949221363,2.0095515281949865,25.36721239210738
-1.8866223223965488,1.8256709803618802,25.88965480981089
0.480727121728431,0.5092727729574309,0.01000010531713821
0.6485502891403683,0.3770928097279477,22.658160402940958
-0.005873990257795415,-0.03538787903596511,23.23648145698222
-0.005873990257795414,-0.03538787903596508,23.23648145698222
0.5778545476941229,0.5567333619627803,23.829943374587554
1.9355351338385005,28.476631794290363,-1.844533693309361
2.124548016238038,31.030200223883877,-1.940202816834387
0.38955285427340786,0.010000105960406116,0.6004470397691861
0.3847324627520461,29.591705464894375,0.5951498517457343
0.024020382503736906,32.19552213954535,-0.003988480188233279
0.024020382503736913,32.195522139545346,-0.003988480188233271
0.44686294779237506,35.02885677893634,0.566417881384987
37.46964920999242,-1.9521506675317593,2.207989229564781
30.348166246232708,-1.9518215385237232,1.9329986555132832
0.010000098537776425,0.48074622843593706,0.5092536730292868
49.50264540756804,0.6584945344892159,0.5634074561834136
40.23442394117041,0.17051281125058873,0.05346004614838904
40.23442394117041,0.17051281125058873,0.053460046148389055
32.701769361115616,0.5605825895186425,0.4333121703333806
2.258795931410578,-1.8910088905109426,33.25893148629723
1.957338522615847,-2.0248426668372215,26.812495632742376
0.450021025733151,0.5399788772684603,0.010000097001388871
0.4619688989760127,0.7090207804644219,39.39553332021917
0.0207760921282103,0.04594727573355702,32.008679558835816
0.0207760921282103,0.04594727573355701,32.00867955883581
0.4391067801874906,0.4139477054180745,26.007204176067102
